PMID,Title,Authors,Citation,First Author,Journal/Book,Publication Year,Create Date,PMCID,NIHMS ID,DOI
"38165337","Molecular and Phenotypic Characterization of the RORB-Related Disorder","Gokce-Samar Z, Vetro A, De Bellescize J, Pisano T, Monteiro L, Penaud N, Korff CM, Fluss J, Marini C, Cesaroni E, Alvarez BM, Sanlaville D, Chatron N, Arzimanoglou AA, Labalme A, Cuddapah VA, Ruggiero SM, Lecoquierre F, Nicolas G, Marie GA, Lebas A, Testard HO, Helbig KL, Ruiz A, Ngoh A, Kurian MA, Reid K, Spaull R, Joset P, Ramantani G, Steindl K, Krenn M, Gerstl L, Vieker S, Craiu D, Pendziwiat M, Haldeman-Englert C, Kanivets I, Romanova I, Rajan DS, Rosenfeld JA, Au M, Grand K, Graham M Jr, Isapof A, Villeneuve N, Smol T, Caumes R, Zacher P, Neuser S, Tinschert S, Platzer K, Bartolomaeus T, Mohnke I, Radtke M, Jamra RA, Helbig I, Jansen FE, Koop K, Rudolf G, Küry S, Courchet J, Guerrini R, Lesca G.","Neurology. 2024 Jan 23;102(2):e207945. doi: 10.1212/WNL.0000000000207945. Epub 2023 Dec 22.","Gokce-Samar Z","Neurology","2024","2024/01/02","","","10.1212/WNL.0000000000207945"
"37641943","[Genetic Diagnostics in Everyday Clinical Practice in Child and Adolescent Psychiatry: Indications, Framework Conditions, Hurdles, and Proposed Solutions]","Degenhardt F, Wohlleber E, Jamra RA, Hebebrand J.","Z Kinder Jugendpsychiatr Psychother. 2024 Jan;52(1):43-59. doi: 10.1024/1422-4917/a000941. Epub 2023 Aug 29.","Degenhardt F","Z Kinder Jugendpsychiatr Psychother","2024","2023/08/29","","","10.1024/1422-4917/a000941"
"38135915","Developmental epileptic encephalopathy in DLG4-related synaptopathy","Kassabian B, Levy AM, Gardella E, Aledo-Serrano A, Ananth AL, Brea-Fernández AJ, Caumes R, Chatron N, Dainelli A, De Wachter M, Denommé-Pichon AS, Dye TJ, Fazzi E, Felt R, Fernández-Jaén A, Fernández-Prieto M, Gantz E, Gasperowicz P, Gil-Nagel A, Gómez-Andrés D, Greiner HM, Guerrini R, Haanpää MK, Helin M, Hoyer J, Hurst ACE, Kallish S, Karkare SN, Khan A, Kleinendorst L, Koch J, Kothare SV, Koudijs SV, Lagae L, Lakeman P, Leppig KA, Lesca G, Lopergolo D, Lusk L, Mackenzie A, Mei D, Møller RS, Pereira EM, Platzer K, Quelin C, Revah-Politi A, Rheims S, Rodríguez-Palmero A, Rossi A, Santorelli F, Seinfeld S, Sell E, Stephenson D, Szczaluba K, Trinka E, Umair M, Van Esch H, van Haelst MM, Veenma DCM, Weber S, Weckhuysen S, Zacher P, Tümer Z, Rubboli G.","Epilepsia. 2023 Dec 22. doi: 10.1111/epi.17876. Online ahead of print.","Kassabian B","Epilepsia","2023","2023/12/23","","","10.1111/epi.17876"
"38101549","Sex, genotype, and liver volume progression as risk of hospitalization determinants in autosomal dominant polycystic liver disease","Schönauer R, Sierks D, Boerrigter M, Jawaid T, Caroff L, Audrezet MP, Friedrich A, Shaw M, Degenhardt J, Forberger M, de Fallois J, Bläker H, Bergmann C, Gödiker J, Schindler P, Schlevogt B, Müller RU, Berg T, Patterson I, Griffiths WJ, Sayer JA; Genomics England Research Consortium; Popp B, Torres VE, Hogan MC, Somlo S, Watnick TJ, Nevens F, Besse W, Cornec-Le Gall E, Harris PC, Drenth JPH, Halbritter J.","Gastroenterology. 2023 Dec 13:S0016-5085(23)05603-2. doi: 10.1053/j.gastro.2023.12.007. Online ahead of print.","Schönauer R","Gastroenterology","2023","2023/12/15","","","10.1053/j.gastro.2023.12.007"
"38038360","Gain-of-function and loss-of-function variants in GRIA3 lead to distinct neurodevelopmental phenotypes","Rinaldi B, Bayat A, Zachariassen LG, Sun JH, Ge YH, Zhao D, Bonde K, Madsen LH, Awad IAA, Bagiran D, Sbeih A, Shah SM, El-Sayed S, Lyngby SM, Pedersen MG, Stenum-Berg C, Walker LC, Krey I, Delahaye-Duriez A, Emrick LT, Sully K, Murali CN, Burrage LC, Plaud Gonzalez JA, Parnes M, Friedman J, Isidor B, Lefranc J, Redon S, Heron D, Mignot C, Keren B, Fradin M, Dubourg C, Mercier S, Besnard T, Cogne B, Deb W, Rivier C, Milani D, Bedeschi MF, Di Napoli C, Grilli F, Marchisio P, Koudijs S, Veenma D, Argilli E, Lynch SA, Au PYB, Ayala Valenzuela FE, Brown C, Masser-Frye D, Jones M, Patron Romero L, Li WL, Thorpe E, Hecher L, Johannsen J, Denecke J, McNiven V, Szuto A, Wakeling E, Cruz V, Sency V, Wang H, Piard J, Kortüm F, Herget T, Bierhals T, Condell A, Zeev BB, Kaur S, Christodoulou J, Piton A, Zweier C, Kraus C, Micalizzi A, Trivisano M, Specchio N, Lesca G, Møller RS, Tümer Z, Musgaard M, Gerard B, Lemke JR, Shi YS, Kristensen AS.","Brain. 2023 Dec 1:awad403. doi: 10.1093/brain/awad403. Online ahead of print.","Rinaldi B","Brain","2023","2023/12/01","","","10.1093/brain/awad403"
"37902037","Regulation of epinephrine biosynthesis in HRAS-mutant paragangliomas","Li M, Richter S, Mohr H, Drukewitz S, Poser I, Stanke D, Calsina B, Martinez-Montes AM, Quinkler M, Timmers HJLM, Nölting S, Beuschlein F, Remde H, Opocher G, Rapizzi E, Pacak K, Pamporaki C, Robledo M, Liu L, Jiang J, Bornstein SR, Eisenhofer G, Fliedner SMJ, Bechmann N.","Endocr Relat Cancer. 2023 Oct 30;30(12):e230230. doi: 10.1530/ERC-23-0230. Print 2023 Dec 1.","Li M","Endocr Relat Cancer","2023","2023/10/30","","","10.1530/ERC-23-0230"
"37647852","SLC6A1 variant pathogenicity, molecular function and phenotype: a genetic and clinical analysis","Stefanski A, Pérez-Palma E, Brünger T, Montanucci L, Gati C, Klöckner C, Johannesen KM, Goodspeed K, Macnee M, Deng AT, Aledo-Serrano Á, Borovikov A, Kava M, Bouman AM, Hajianpour MJ, Pal DK, Engelen M, Hagebeuk EEO, Shinawi M, Heidlebaugh AR, Oetjens K, Hoffman TL, Striano P, Freed AS, Futtrup L, Balslev T, Abulí A, Danvoye L, Lederer D, Balci T, Nouri MN, Butler E, Drewes S, van Engelen K, Howell KB, Khoury J, May P, Trinidad M, Froelich S, Lemke JR, Tiller J, Freed AN, Kang JQ, Wuster A, Møller RS, Lal D.","Brain. 2023 Dec 1;146(12):5198-5208. doi: 10.1093/brain/awad292.","Stefanski A","Brain","2023","2023/08/30","PMC10689929","","10.1093/brain/awad292"
"38136075","Parents' Perceptions Regarding Their Children's Medications and Expert-Assessed Drug-Related Problems in Pediatric Patients with Inborn Errors of Metabolism","Harings T, Neininger MP, Eisenhofer S, Thiele AG, Kiess W, Bertsche A, Beblo S, Bertsche T.","Children (Basel). 2023 Nov 29;10(12):1873. doi: 10.3390/children10121873.","Harings T","Children (Basel)","2023","2023/12/23","PMC10741610","","10.3390/children10121873"
"38031187","Evaluating the association of biallelic OGDHL variants with significant phenotypic heterogeneity","Lin SJ, Vona B, Lau T, Huang K, Zaki MS, Aldeen HS, Karimiani EG, Rocca C, Noureldeen MM, Saad AK, Petree C, Bartolomaeus T, Abou Jamra R, Zifarelli G, Gotkhindikar A, Wentzensen IM, Liao M, Cork EE, Varshney P, Hashemi N, Mohammadi MH, Rad A, Neira J, Toosi MB, Knopp C, Kurth I, Challman TD, Smith R, Abdalla A, Haaf T, Suri M, Joshi M, Chung WK, Moreno-De-Luca A, Houlden H, Maroofian R, Varshney GK.","Genome Med. 2023 Nov 29;15(1):102. doi: 10.1186/s13073-023-01258-4.","Lin SJ","Genome Med","2023","2023/11/30","PMC10688095","","10.1186/s13073-023-01258-4"
"37991592","The role of intraoperative swab during appendectomy in patients with uncomplicated and complicated appendicitis","Bancke Laverde BL, Maak M, Langheinrich M, Kersting S, Denz A, Krautz C, Weber GF, Grützmann R, Brunner M.","Int J Colorectal Dis. 2023 Nov 22;38(1):272. doi: 10.1007/s00384-023-04566-8.","Bancke Laverde BL","Int J Colorectal Dis","2023","2023/11/22","PMC10665244","","10.1007/s00384-023-04566-8"
"37998392","The Posttraumatic Increase in the Adhesion of GPCR EMR2/ADGRE2 to Circulating Neutrophils Is Not Related to Injury Severity","Zheng L, Rang M, Fuchs C, Keß A, Wunsch M, Hentschel J, Hsiao CC, Kleber C, Osterhoff G, Aust G.","Cells. 2023 Nov 20;12(22):2657. doi: 10.3390/cells12222657.","Zheng L","Cells","2023","2023/11/24","PMC10670733","","10.3390/cells12222657"
"37974505","Cat eye syndrome: Clinical, cytogenetics and familial findings in a large cohort of 43 patients highlighting the importance of congenital heart disease and inherited cases","Jedraszak G, Jobic F, Receveur A, Bilan F, Gilbert-Dussardier B, Tiffany B, Missirian C, Willems M, Odent S, Lucas J, Dubourg C, Schaefer E, Scheidecker S, Lespinasse J, Goldenberg A, Guerrot AM, Joly-Helas G, Chambon P, Le Caignec C, David A, Coutton C, Satre V, Vieville G, Amblard F, Harbuz R, Sanlaville D, Till M, Vincent-Delorme C, Colson C, Andrieux J, Naudion S, Toutain J, Rooryck C, de Fréminville B, Prieur F, Daire VC, Amram D, Kleinfinger P, Schulze MB, Raabe-Meyer G, Courage C, Lemke J, Stefanou EG, Loretta T, Emmanouil M, Tzeli SK, Sodowska H, Anderson J, Nandini A, Copin H, Garçon L, Liehr T, Morin G.","Am J Med Genet A. 2023 Nov 16. doi: 10.1002/ajmg.a.63476. Online ahead of print.","Jedraszak G","Am J Med Genet A","2023","2023/11/17","","","10.1002/ajmg.a.63476"
"37964487","De novo variants in KCNA3 cause developmental and epileptic encephalopathy","Soldovieri MV, Ambrosino P, Mosca I, Servettini I, Pietrunti F, Belperio G; KCNA3 study group; Syrbe S, Taglialatela M, Lemke JR.","Ann Neurol. 2023 Nov 14. doi: 10.1002/ana.26826. Online ahead of print.","Soldovieri MV","Ann Neurol","2023","2023/11/15","","","10.1002/ana.26826"
"37946310","Deep histopathology genotype-phenotype analysis of focal cortical dysplasia type II differentiates between the GATOR1-altered autophagocytic subtype IIa and MTOR-altered migration deficient subtype IIb","Honke J, Hoffmann L, Coras R, Kobow K, Leu C, Pieper T, Hartlieb T, Bien CG, Woermann F, Cloppenborg T, Kalbhenn T, Gaballa A, Hamer H, Brandner S, Rössler K, Dörfler A, Rampp S, Lemke JR, Baldassari S, Baulac S, Lal D, Nürnberg P, Blümcke I.","Acta Neuropathol Commun. 2023 Nov 9;11(1):179. doi: 10.1186/s40478-023-01675-x.","Honke J","Acta Neuropathol Commun","2023","2023/11/10","PMC10633947","","10.1186/s40478-023-01675-x"
"37944084","Clinical features, functional consequences, and rescue pharmacology of missense GRID1 and GRID2 human variants","Allen JP, Garber KB, Perszyk R, Khayat CT, Kell SA, Kaneko M, Quindipan C, Saitta S, Ladda RL, Hewson S, Inbar-Feigenberg M, Prasad C, Prasad AN, Olewiler L, Mu W, Rosenthal LS, Scala M, Striano P, Zara F, McCullock TW, Jauss RT, Lemke JR, MacLean DM, Zhu C, Yuan H, Myers SJ, Traynelis SF.","Hum Mol Genet. 2023 Nov 7:ddad188. doi: 10.1093/hmg/ddad188. Online ahead of print.","Allen JP","Hum Mol Genet","2023","2023/11/09","","","10.1093/hmg/ddad188"
"37926713","Biallelic ATP2B1 variants as a likely cause of a novel neurodevelopmental malformation syndrome with primary hypoparathyroidism","Yap P, Riley LG, Kakadia PM, Bohlander SK, Curran B, Rahimi MJ, Alburaiky S, Hayes I, Oppermann H, Print C, Cooper ST, Le Quesne Stabej P.","Eur J Hum Genet. 2023 Nov 6. doi: 10.1038/s41431-023-01484-9. Online ahead of print.","Yap P","Eur J Hum Genet","2023","2023/11/05","","","10.1038/s41431-023-01484-9"
"37921875","Clinical and functional consequences of GRIA variants in patients with neurological diseases","XiangWei W, Perszyk RE, Liu N, Xu Y, Bhattacharya S, Shaulsky GH, Smith-Hicks C, Fatemi A, Fry AE, Chandler K, Wang T, Vogt J, Cohen JS, Paciorkowski AR, Poduri A, Zhang Y, Wang S, Wang Y, Zhai Q, Fang F, Leng J, Garber K, Myers SJ, Jauss RT, Park KL, Benke TA, Lemke JR, Yuan H, Jiang Y, Traynelis SF.","Cell Mol Life Sci. 2023 Nov 3;80(11):345. doi: 10.1007/s00018-023-04991-6.","XiangWei W","Cell Mol Life Sci","2023","2023/11/03","PMC10754216","NIHMS1951325","10.1007/s00018-023-04991-6"
"37920977","Advanced control strategies for continuous capture of monoclonal antibodies based upon biolayer interferometry","Kruse T, Austerjost J, Lemke J, Krasov Y, Popov V, Pollard D, Kampmann M.","Biotechnol Bioeng. 2023 Nov 3. doi: 10.1002/bit.28586. Online ahead of print.","Kruse T","Biotechnol Bioeng","2023","2023/11/03","","","10.1002/bit.28586"
"37166351","Epigenotype-genotype-phenotype correlations in SETD1A and SETD2 chromatin disorders","Lee S, Menzies L, Hay E, Ochoa E, Docquier F, Rodger F, Deshpande C, Foulds NC, Jacquemont S, Jizi K, Kiep H, Kraus A, Löhner K, Morrison PJ, Popp B, Richardson R, van Haeringen A, Martin E, Toribio A, Li F, Jones WD, Sansbury FH, Maher ER.","Hum Mol Genet. 2023 Nov 3;32(22):3123-3134. doi: 10.1093/hmg/ddad079.","Lee S","Hum Mol Genet","2023","2023/05/11","PMC10630252","","10.1093/hmg/ddad079"
"37938781","Autoantibodies against type I IFNs in humans with alternative NF-κB pathway deficiency","Le Voyer T, Parent AV, Liu X, Cederholm A, Gervais A, Rosain J, Nguyen T, Perez Lorenzo M, Rackaityte E, Rinchai D, Zhang P, Bizien L, Hancioglu G, Ghillani-Dalbin P, Charuel JL, Philippot Q, Gueye MS, Maglorius Renkilaraj MRL, Ogishi M, Soudée C, Migaud M, Rozenberg F, Momenilandi M, Riller Q, Imberti L, Delmonte OM, Müller G, Keller B, Orrego J, Franco Gallego WA, Rubin T, Emiroglu M, Parvaneh N, Eriksson D, Aranda-Guillen M, Berrios DI, Vong L, Katelaris CH, Mustillo P, Raedler J, Bohlen J, Bengi Celik J, Astudillo C, Winter S; NF-κB Consortium; COVID Human Genetic Effort; McLean C, Guffroy A, DeRisi JL, Yu D, Miller C, Feng Y, Guichard A, Béziat V, Bustamante J, Pan-Hammarström Q, Zhang Y, Rosen LB, Holland SM, Bosticardo M, Kenney H, Castagnoli R, Slade CA, Boztuğ K, Mahlaoui N, Latour S, Abraham RS, Lougaris V, Hauck F, Sediva A, Atschekzei F, Sogkas G, Poli MC, Slatter MA, Palterer B, Keller MD, Pinzon-Charry A, Sullivan A, Droney L, Suan D, Wong M, Kane A, Hu H, Ma C, Grombiříková H, Ciznar P, Dalal I, Aladjidi N, Hie M, Lazaro E, Franco J, Keles S, Malphettes M, Pasquet M, Maccari ME, Meinhardt A, Ikinciogullari A, Shahrooei M, Celmeli F, Frosk P, et al.","Nature. 2023 Nov;623(7988):803-813. doi: 10.1038/s41586-023-06717-x. Epub 2023 Nov 8.","Le Voyer T","Nature","2023","2023/11/08","PMC10665196","","10.1038/s41586-023-06717-x"
"37918433","[Fibromyalgia as a Rheumatic Pain Syndrome]","Krasselt M, Baerwald C.","Dtsch Med Wochenschr. 2023 Nov;148(22):1467-1472. doi: 10.1055/a-1965-6870. Epub 2023 Nov 2.","Krasselt M","Dtsch Med Wochenschr","2023","2023/11/02","","","10.1055/a-1965-6870"
"37863628","A rare combination of hydronephrosis, megaureter, and hyperphosphatasia","Merz LM, Hentschel J, Roth C, Siekmeyer M, Dittrich K, Petzold F.","Kidney Int. 2023 Nov;104(5):1039-1040. doi: 10.1016/j.kint.2023.06.017.","Merz LM","Kidney Int","2023","2023/10/20","","","10.1016/j.kint.2023.06.017"
"37859581","Tumor microenvironment-dependent epigenetic imprinting in the vasculature predicts colon cancer outcome","Naschberger E, Fuchs M, Dickel N, Kunz M, Popp B, Anchang CG, Demmler R, Lyu Y, Uebe S, Ekici AB, Geppert CI, Hartmann A, Flierl C, Petter K, Gass T, Völkl S, Scharl M, Ramming A, Günther C, Merkel S, Schellerer VS, Stürzl M.","Cancer Commun (Lond). 2023 Nov;43(11):1280-1285. doi: 10.1002/cac2.12489. Epub 2023 Oct 19.","Naschberger E","Cancer Commun (Lond)","2023","2023/10/20","PMC10631479","","10.1002/cac2.12489"
"37734130","De Novo Variants in RAB11B Cause Various Degrees of Global Developmental Delay and Intellectual Disability in Children","Ahmad N, Fazeli W, Schließke S, Lesca G, Gokce-Samar Z, Mekbib KY, Jin SC, Burton J, Hoganson G, Petersen A, Gracie S, Granger L, Bartels E, Oppermann H, Kundishora A, Till M, Milleret-Pignot C, Dangerfield S, Viskochil D, Anderson KJ, Palculict TB, Schnur RE, Wentzensen IM, Tiller GE, Kahle KT, Kunz WS, Burkart S, Simons M, Sticht H, Abou Jamra R, Neuser S.","Pediatr Neurol. 2023 Nov;148:164-171. doi: 10.1016/j.pediatrneurol.2023.08.023. Epub 2023 Aug 24.","Ahmad N","Pediatr Neurol","2023","2023/09/21","","","10.1016/j.pediatrneurol.2023.08.023"
"37644171","CUX1-related neurodevelopmental disorder: deep insights into phenotype-genotype spectrum and underlying pathology","Oppermann H, Marcos-Grañeda E, Weiss LA, Gurnett CA, Jelsig AM, Vineke SH, Isidor B, Mercier S, Magnussen K, Zacher P, Hashim M, Pagnamenta AT, Race S, Srivastava S, Frazier Z, Maiwald R, Pergande M, Milani D, Rinelli M, Levy J, Krey I, Fontana P, Lonardo F, Riley S, Kretzer J, Rankin J, Reis LM, Semina EV, Reuter MS, Scherer SW, Iascone M, Weis D, Fagerberg CR, Brasch-Andersen C, Hansen LK, Kuechler A, Noble N, Gardham A, Tenney J, Rathore G, Beck-Woedl S, Haack TB, Pavlidou DC, Atallah I, Vodopiutz J, Janecke AR, Hsieh TC, Lesmann H, Klinkhammer H, Krawitz PM, Lemke JR, Jamra RA, Nieto M, Tümer Z, Platzer K.","Eur J Hum Genet. 2023 Nov;31(11):1251-1260. doi: 10.1038/s41431-023-01445-2. Epub 2023 Aug 30.","Oppermann H","Eur J Hum Genet","2023","2023/08/29","PMC10620399","","10.1038/s41431-023-01445-2"
"37551667","Elucidating the clinical and molecular spectrum of SMARCC2-associated NDD in a cohort of 65 affected individuals","Bosch E, Popp B, Güse E, Skinner C, van der Sluijs PJ, Maystadt I, Pinto AM, Renieri A, Bruno LP, Granata S, Marcelis C, Baysal Ö, Hartwich D, Holthöfer L, Isidor B, Cogne B, Wieczorek D, Capra V, Scala M, De Marco P, Ognibene M, Jamra RA, Platzer K, Carter LB, Kuismin O, van Haeringen A, Maroofian R, Valenzuela I, Cuscó I, Martinez-Agosto JA, Rabani AM, Mefford HC, Pereira EM, Close C, Anyane-Yeboa K, Wagner M, Hannibal MC, Zacher P, Thiffault I, Beunders G, Umair M, Bhola PT, McGinnis E, Millichap J, van de Kamp JM, Prijoles EJ, Dobson A, Shillington A, Graham BH, Garcia EJ, Galindo MK, Ropers FG, Nibbeling EAR, Hubbard G, Karimov C, Goj G, Bend R, Rath J, Morrow MM, Millan F, Salpietro V, Torella A, Nigro V, Kurki M, Stevenson RE, Santen GWE, Zweier M, Campeau PM, Severino M, Reis A, Accogli A, Vasileiou G.","Genet Med. 2023 Nov;25(11):100950. doi: 10.1016/j.gim.2023.100950. Epub 2023 Aug 5.","Bosch E","Genet Med","2023","2023/08/08","","","10.1016/j.gim.2023.100950"
"37544411","Hemophagocytic lymphohistiocytosis-like hyperinflammation due to a de novo mutation in DPP9","Wolf C, Fischer H, Kühl JS, Koss S, Jamra RA, Starke S, Schultz J, Ehl S, Neumann K, Schuetz C, Huber R, Hornung V, Lee-Kirsch MA.","J Allergy Clin Immunol. 2023 Nov;152(5):1336-1344.e5. doi: 10.1016/j.jaci.2023.07.013. Epub 2023 Aug 5.","Wolf C","J Allergy Clin Immunol","2023","2023/08/06","","","10.1016/j.jaci.2023.07.013"
"37429829","Isovaleric aciduria identified by newborn screening: Strategies to predict disease severity and stratify treatment","Mütze U, Henze L, Schröter J, Gleich F, Lindner M, Grünert SC, Spiekerkoetter U, Santer R, Thimm E, Ensenauer R, Weigel J, Beblo S, Arélin M, Hennermann JB, Marquardt I, Freisinger P, Krämer J, Dieckmann A, Weinhold N, Schiergens KA, Maier EM, Hoffmann GF, Garbade SF, Kölker S.","J Inherit Metab Dis. 2023 Nov;46(6):1063-1077. doi: 10.1002/jimd.12653. Epub 2023 Jul 23.","Mütze U","J Inherit Metab Dis","2023","2023/07/10","","","10.1002/jimd.12653"
"37947591","Treatment of Naturally Occurring Tendon Disease with Allogeneic Multipotent Mesenchymal Stromal Cells: A Randomized, Controlled, Triple-Blinded Pilot Study in Horses","Burk J, Wittenberg-Voges L, Schubert S, Horstmeier C, Brehm W, Geburek F.","Cells. 2023 Oct 24;12(21):2513. doi: 10.3390/cells12212513.","Burk J","Cells","2023","2023/11/10","PMC10650642","","10.3390/cells12212513"
"37867076","Every CFTR variant counts - Target-capture based next-generation-sequencing for molecular diagnosis in the German CF Registry","Ahting S, Nährlich L, Held I, Henn C, Krill A, Landwehr K, Meister J, Nährig S, Nolde A, Remke K, Ruppel R, Sauer-Heilborn A, Schebek M, Schopper G, Schulte-Hubbert B, Schwarz C, Smaczny C, Wege S, Hentschel J; Registry Working Group of the German CF Registry.","J Cyst Fibros. 2023 Oct 20:S1569-1993(23)00928-1. doi: 10.1016/j.jcf.2023.10.009. Online ahead of print.","Ahting S","J Cyst Fibros","2023","2023/10/22","","","10.1016/j.jcf.2023.10.009"
"37866811","SAPPHIRE: phase III study of sitravatinib plus nivolumab versus docetaxel in advanced nonsquamous non-small-cell lung cancer","Borghaei H, de Marinis F, Dumoulin D, Reynolds C, Theelen WSME, Percent I, Gutierrez Calderon V, Johnson ML, Madroszyk-Flandin A, Garon EB, He K, Planchard D, Reck M, Popat S, Herbst RS, Leal TA, Shazer RL, Yan X, Harrigan R, Peters S; SAPPHIRE Investigators.","Ann Oncol. 2023 Oct 20:S0923-7534(23)04019-X. doi: 10.1016/j.annonc.2023.10.004. Online ahead of print.","Borghaei H","Ann Oncol","2023","2023/10/22","","","10.1016/j.annonc.2023.10.004"
"37734378","Signaling-induced systematic repression of miRNAs uncovers cancer vulnerabilities and targeted therapy sensitivity","Wurm AA, Brilloff S, Kolovich S, Schäfer S, Rahimian E, Kufrin V, Bill M, Carrero ZI, Drukewitz S, Krüger A, Hüther M, Uhrig S, Oster S, Westphal D, Meier F, Pfütze K, Hübschmann D, Horak P, Kreutzfeldt S, Richter D, Schröck E, Baretton G, Heining C, Möhrmann L, Fröhling S, Ball CR, Glimm H.","Cell Rep Med. 2023 Oct 17;4(10):101200. doi: 10.1016/j.xcrm.2023.101200. Epub 2023 Sep 20.","Wurm AA","Cell Rep Med","2023","2023/09/21","PMC10591033","","10.1016/j.xcrm.2023.101200"
"37847816","Managing and monitoring a pandemic: showcasing a practical approach for the genomic surveillance of SARS-CoV-2","Jundzill M, Spott R, Lohde M, Hölzer M, Viehweger A, Brandt C.","Database (Oxford). 2023 Oct 16;2023:baad071. doi: 10.1093/database/baad071.","Jundzill M","Database (Oxford)","2023","2023/10/17","PMC10581334","","10.1093/database/baad071"
"37750041","Longitudinal dysregulation of long non-coding RNAs in Parkinson's disease","Müller-Nedebock AC, Cuttler K, Pfaff AL, Kõks S.","Exp Biol Med (Maywood). 2023 Oct;248(20):1780-1784. doi: 10.1177/15353702231198078. Epub 2023 Sep 26.","Müller-Nedebock AC","Exp Biol Med (Maywood)","2023","2023/09/26","","","10.1177/15353702231198078"
"37460657","Re-evaluation and re-analysis of 152 research exomes five years after the initial report reveals clinically relevant changes in 18","Bartolomaeus T, Hentschel J, Jamra RA, Popp B.","Eur J Hum Genet. 2023 Oct;31(10):1154-1164. doi: 10.1038/s41431-023-01425-6. Epub 2023 Jul 18.","Bartolomaeus T","Eur J Hum Genet","2023","2023/07/17","PMC10545662","","10.1038/s41431-023-01425-6"
"37723282","Loss of Grin2a causes a transient delay in the electrophysiological maturation of hippocampal parvalbumin interneurons","Camp CR, Vlachos A, Klöckner C, Krey I, Banke TG, Shariatzadeh N, Ruggiero SM, Galer P, Park KL, Caccavano A, Kimmel S, Yuan X, Yuan H, Helbig I, Benke TA, Lemke JR, Pelkey KA, McBain CJ, Traynelis SF.","Commun Biol. 2023 Sep 19;6(1):952. doi: 10.1038/s42003-023-05298-9.","Camp CR","Commun Biol","2023","2023/09/18","PMC10507040","","10.1038/s42003-023-05298-9"
"37369021","Classification of missense variants in the N-methyl-d-aspartate receptor GRIN gene family as gain- or loss-of-function","Myers SJ, Yuan H, Perszyk RE, Zhang J, Kim S, Nocilla KA, Allen JP, Bain JM, Lemke JR, Lal D, Benke TA, Traynelis SF.","Hum Mol Genet. 2023 Sep 16;32(19):2857-2871. doi: 10.1093/hmg/ddad104.","Myers SJ","Hum Mol Genet","2023","2023/06/27","PMC10508039","","10.1093/hmg/ddad104"
"37653029","GWAS meta-analysis of over 29,000 people with epilepsy identifies 26 risk loci and subtype-specific genetic architecture","International League Against Epilepsy Consortium on Complex Epilepsies.","Nat Genet. 2023 Sep;55(9):1471-1482. doi: 10.1038/s41588-023-01485-w. Epub 2023 Aug 31.","International League Against Epilepsy Consortium on Complex Epilepsies","Nat Genet","2023","2023/08/31","PMC10484785","","10.1038/s41588-023-01485-w"
"37006128","Widespread genomic influences on phenotype in Dravet syndrome, a 'monogenic' condition","Martins Custodio H, Clayton LM, Bellampalli R, Pagni S, Silvennoinen K, Caswell R; Genomics England Research Consortium; Brunklaus A, Guerrini R, Koeleman BPC, Lemke JR, Møller RS, Scheffer IE, Weckhuysen S, Zara F, Zuberi S, Kuchenbaecker K, Balestrini S, Mills JD, Sisodiya SM.","Brain. 2023 Sep 1;146(9):3885-3897. doi: 10.1093/brain/awad111.","Martins Custodio H","Brain","2023","2023/04/03","PMC10473570","","10.1093/brain/awad111"
"37407264","Natural History and Developmental Trajectories of Individuals With Disease-Causing Variants in STXBP1","Thalwitzer KM, Driedger JH, Xian J, Saffari A, Zacher P, Bölsterli BK, Ruggiero SM, Sullivan KR, Datta AN, Kellinghaus C, Althaus J, Wiemer-Kruel A, van Baalen A, Pampel A, Alber M, Braakman HMH, Debus OM, Denecke J, Hobbiebrunken E, Breitweg I, Diehl D, Eitel H, Gburek-Augustat J, Preisel M, Schlump JU, Laufs M, Mammadova D, Wurst C, Prager C, Löhr-Nilles C, Martin P, Garbade SF, Platzer K, Benkel-Herrenbrueck I, Egler K, Fazeli W, Lemke JR, Runkel E, Klein B, Linden T, Schröter J, Steffeck H, Thies B, von Deimling F, Illsinger S, Borggraefe I, Classen G, Wieczorek D, Ramantani G, Koelker S, Hoffmann GF, Ries M, Helbig I, Syrbe S.","Neurology. 2023 Aug 29;101(9):e879-e891. doi: 10.1212/WNL.0000000000207550. Epub 2023 Jul 5.","Thalwitzer KM","Neurology","2023","2023/07/05","PMC10501093","","10.1212/WNL.0000000000207550"
"37686744","Development, Design and Utilization of a CDSS for Refeeding Syndrome in Real Life Inpatient Care-A Feasibility Study","Heuft L, Voigt J, Selig L, Schmidt M, Eckelt F, Steinbach D, Federbusch M, Stumvoll M, Schlögl H, Isermann B, Kaiser T.","Nutrients. 2023 Aug 24;15(17):3712. doi: 10.3390/nu15173712.","Heuft L","Nutrients","2023","2023/09/09","PMC10490138","","10.3390/nu15173712"
"37606373","GABRA1-Related Disorders: From Genetic to Functional Pathways","Musto E, Liao VWY, Johannesen KM, Fenger CD, Lederer D, Kothur K, Fisk K, Bennetts B, Vrielynck P, Delaby D, Ceulemans B, Weckhuysen S, Sparber P, Bouman A, Ardern-Holmes S, Troedson C, Battaglia DI, Goel H, Feyma T, Bakhtiari S, Tjoa L, Boxill M, Demina N, Shchagina O, Dadali E, Kruer M, Cantalupo G, Contaldo I, Polster T, Isidor B, Bova SM, Fazeli W, Wouters L, Miranda MJ, Darra F, Pede E, Le Duc D, Jamra RA, Küry S, Proietti J, McSweeney N, Brokamp E, Andrews PI, Gouray Garcia M, Chebib M, Møller RS, Ahring PK, Gardella E.","Ann Neurol. 2023 Aug 22. doi: 10.1002/ana.26774. Online ahead of print.","Musto E","Ann Neurol","2023","2023/08/22","","","10.1002/ana.26774"
"37721148","In Reply","Heuft L.","Dtsch Arztebl Int. 2023 Aug 7;120(31-32):544. doi: 10.3238/arztebl.m2023.0156.","Heuft L","Dtsch Arztebl Int","2023","2023/09/18","PMC10534131","","10.3238/arztebl.m2023.0156"
"37467750","Monoallelic variation in DHX9, the gene encoding the DExH-box helicase DHX9, underlies neurodevelopment disorders and Charcot-Marie-Tooth disease","Calame DG, Guo T, Wang C, Garrett L, Jolly A, Dawood M, Kurolap A, Henig NZ, Fatih JM, Herman I, Du H, Mitani T, Becker L, Rathkolb B, Gerlini R, Seisenberger C, Marschall S, Hunter JV, Gerard A, Heidlebaugh A, Challman T, Spillmann RC, Jhangiani SN, Coban-Akdemir Z, Lalani S, Liu L, Revah-Politi A, Iglesias A, Guzman E, Baugh E, Boddaert N, Rondeau S, Ormieres C, Barcia G, Tan QKG, Thiffault I, Pastinen T, Sheikh K, Biliciler S, Mei D, Melani F, Shashi V, Yaron Y, Steele M, Wakeling E, Østergaard E, Nazaryan-Petersen L; Undiagnosed Diseases Network; Millan F, Santiago-Sim T, Thevenon J, Bruel AL, Thauvin-Robinet C, Popp D, Platzer K, Gawlinski P, Wiszniewski W, Marafi D, Pehlivan D, Posey JE, Gibbs RA, Gailus-Durner V, Guerrini R, Fuchs H, Hrabě de Angelis M, Hölter SM, Cheung HH, Gu S, Lupski JR.","Am J Hum Genet. 2023 Aug 3;110(8):1394-1413. doi: 10.1016/j.ajhg.2023.06.013. Epub 2023 Jul 18.","Calame DG","Am J Hum Genet","2023","2023/07/19","PMC10432148","","10.1016/j.ajhg.2023.06.013"
"37568754","Clinical Impact of Polygenic Risk Score for Breast Cancer Risk Prediction in 382 Individuals with Hereditary Breast and Ovarian Cancer Syndrome","Stiller S, Drukewitz S, Lehmann K, Hentschel J, Strehlow V.","Cancers (Basel). 2023 Aug 2;15(15):3938. doi: 10.3390/cancers15153938.","Stiller S","Cancers (Basel)","2023","2023/08/12","PMC10417109","","10.3390/cancers15153938"
"37389635","[External modulation of the immune system]","Baerwald C.","Z Rheumatol. 2023 Aug;82(6):449-450. doi: 10.1007/s00393-023-01388-5. Epub 2023 Jun 30.","Baerwald C","Z Rheumatol","2023","2023/06/30","","","10.1007/s00393-023-01388-5"
"37188825","Broadening the phenotypic and molecular spectrum of FINCA syndrome: Biallelic NHLRC2 variants in 15 novel individuals","Sczakiel HL, Zhao M, Wollert-Wulf B, Danyel M, Ehmke N, Stoltenburg C, Damseh N, Al-Ashhab M, Balci TB, Osmond M, Andrade A, Schallner J, Porrmann J, McDonald K, Liao M, Oppermann H, Platzer K, Dierksen N, Mojarrad M, Eslahi A, Bakaeean B, Calame DG, Lupski JR, Firoozfar Z, Seyedhassani SM, Mohammadi SA, Anwaar N, Rahman F, Seelow D, Janz M, Horn D, Maroofian R, Boschann F.","Eur J Hum Genet. 2023 Aug;31(8):905-917. doi: 10.1038/s41431-023-01382-0. Epub 2023 May 15.","Sczakiel HL","Eur J Hum Genet","2023","2023/05/15","PMC10400545","","10.1038/s41431-023-01382-0"
"37165955","Genotype-phenotype correlations in RHOBTB2-associated neurodevelopmental disorders","Langhammer F, Maroofian R, Badar R, Gregor A, Rochman M, Ratliff JB, Koopmans M, Herget T, Hempel M, Kortüm F, Heron D, Mignot C, Keren B, Brooks S, Botti C, Ben-Zeev B, Argilli E, Sherr EH, Gowda VK, Srinivasan VM, Bakhtiari S, Kruer MC, Salih MA, Kuechler A, Muller EA, Blocker K, Kuismin O, Park KL, Kochhar A, Brown K, Ramanathan S, Clark RD, Elgizouli M, Melikishvili G, Tabatadze N, Stark Z, Mirzaa GM, Ong J, Grasshoff U, Bevot A, von Wintzingerode L, Jamra RA, Hennig Y, Goldenberg P, Al Alam C, Charif M, Boulouiz R, Bellaoui M, Amrani R, Al Mutairi F, Tamim AM, Abdulwahab F, Alkuraya FS, Khouj EM, Alvi JR, Sultan T, Hashemi N, Karimiani EG, Ashrafzadeh F, Imannezhad S, Efthymiou S, Houlden H, Sticht H, Zweier C.","Genet Med. 2023 Aug;25(8):100885. doi: 10.1016/j.gim.2023.100885. Epub 2023 May 8.","Langhammer F","Genet Med","2023","2023/05/11","","","10.1016/j.gim.2023.100885"
"37165752","POU3F3-related disorder: Defining the phenotype and expanding the molecular spectrum","Rossi A, Blok LS, Neuser S, Klöckner C, Platzer K, Faivre LO, Weigand H, Dentici ML, Tartaglia M, Niceta M, Alfieri P, Srivastava S, Coulter D, Smith L, Vinorum K, Cappuccio G, Brunetti-Pierri N, Torun D, Arslan M, Lauridsen MF, Murch O, Irving R, Lynch SA, Mehta SG, Carmichael J, Zonneveld-Huijssoon E, de Vries B, Kleefstra T, Johannesen KM, Westphall IT, Hughes SS, Smithson S, Evans J, Dudding-Byth T, Simon M, van Binsbergen E, Herkert JC, Beunders G, Oppermann H, Bakal M, Møller RS, Rubboli G, Bayat A.","Clin Genet. 2023 Aug;104(2):186-197. doi: 10.1111/cge.14353. Epub 2023 May 10.","Rossi A","Clin Genet","2023","2023/05/11","PMC10330344","NIHMS1897443","10.1111/cge.14353"
"37125634","Monoallelic loss-of-function BMP2 variants result in BMP2-related skeletal dysplasia spectrum","Priestley JRC, Deshwar AR, Murthy H, D'Agostino MD, Dupuis L, Gangaram B, Gray C, Jobling R, Pannia E, Platzer K, Prescott K, Redman M, Rippert AL, Rosenfeld JA, Scott DA, Wang YW, Schmederer Z, Dalal A, Sarma AS, Skraban C, Dowling JJ, Mendoza-Londono R, Slavotinek A, Bhoj EJ.","Genet Med. 2023 Aug;25(8):100863. doi: 10.1016/j.gim.2023.100863. Epub 2023 Apr 28.","Priestley JRC","Genet Med","2023","2023/05/01","","","10.1016/j.gim.2023.100863"
"37062836","KCNT2-Related Disorders: Phenotypes, Functional, and Pharmacological Properties","Cioclu MC, Mosca I, Ambrosino P, Puzo D, Bayat A, Wortmann SB, Koch J, Strehlow V, Shirai K, Matsumoto N, Sanders SJ, Michaud V, Legendre M, Riva A, Striano P, Muhle H, Pendziwiat M, Lesca G, Mangano GD, Nardello R; KCNT2-study group; Lemke JR, Møller RS, Soldovieri MV, Rubboli G, Taglialatela M.","Ann Neurol. 2023 Aug;94(2):332-349. doi: 10.1002/ana.26662. Epub 2023 May 22.","Cioclu MC","Ann Neurol","2023","2023/04/16","","","10.1002/ana.26662"
"36757831","The clinical and genetic spectrum of autosomal-recessive TOR1A-related disorders","Saffari A, Lau T, Tajsharghi H, Karimiani EG, Kariminejad A, Efthymiou S, Zifarelli G, Sultan T, Toosi MB, Sedighzadeh S, Siu VM, Ortigoza-Escobar JD, AlShamsi AM, Ibrahim S, Al-Sannaa NA, Al-Hertani W, Sandra W, Tarnopolsky M, Alavi S, Li C, Day-Salvatore DL, Martínez-González MJ, Levandoski KM, Bedoukian E, Madan-Khetarpal S, Idleburg MJ, Menezes MJ, Siddharth A, Platzer K, Oppermann H, Smitka M, Collins F, Lek M, Shahrooei M, Ghavideldarestani M, Herman I, Rendu J, Faure J, Baker J, Bhambhani V, Calderwood L, Akhondian J, Imannezhad S, Mirzadeh HS, Hashemi N, Doosti M, Safi M, Ahangari N, Torbati PN, Abedini S, Salpietro V, Gulec EY, Eshaghian S, Ghazavi M, Pascher MT, Vogel M, Abicht A, Moutton S, Bruel AL, Rieubland C, Gallati S, Strom TM, Lochmüller H, Mohammadi MH, Alvi JR, Zackai EH, Keena BA, Skraban CM, Berger SI, Andrew EH, Rahimian E, Morrow MM, Wentzensen IM, Millan F, Henderson LB, Dafsari HS, Jungbluth H, Gomez-Ospina N, McRae A, Peter M, Veltra D, Marinakis NM, Sofocleous C, Ashrafzadeh F, Pehlivan D, Lemke JR, Melki J, Benezit A, Bauer P, Weis D, Lupski JR, Senderek J, Christodoulou J, Chung WK, Goodchild R, Offiah AC, Moreno-De-Luca A, Suri M, Ebrahimi-Fakhari D, Houlden H, et al.","Brain. 2023 Aug 1;146(8):3273-3288. doi: 10.1093/brain/awad039.","Saffari A","Brain","2023","2023/02/09","PMC10393417","","10.1093/brain/awad039"
"37577448","Recently evolved combination of unique sulfatase and amidase genes enables bacterial degradation of the wastewater micropollutant acesulfame worldwide","Bonatelli ML, Rohwerder T, Popp D, Liu Y, Akay C, Schultz C, Liao KP, Ding C, Reemtsma T, Adrian L, Kleinsteuber S.","Front Microbiol. 2023 Jul 27;14:1223838. doi: 10.3389/fmicb.2023.1223838. eCollection 2023.","Bonatelli ML","Front Microbiol","2023","2023/08/14","PMC10413263","","10.3389/fmicb.2023.1223838"
"37568590","Establishment and Molecular Characterization of an In Vitro Model for PARPi-Resistant Ovarian Cancer","Klotz DM, Schwarz FM, Dubrovska A, Schuster K, Theis M, Krüger A, Kutz O, Link T, Wimberger P, Drukewitz S, Buchholz F, Thomale J, Kuhlmann JD.","Cancers (Basel). 2023 Jul 25;15(15):3774. doi: 10.3390/cancers15153774.","Klotz DM","Cancers (Basel)","2023","2023/08/12","PMC10417418","","10.3390/cancers15153774"
"37474567","Genome-wide identification and phenotypic characterization of seizure-associated copy number variations in 741,075 individuals","Montanucci L, Lewis-Smith D, Collins RL, Niestroj LM, Parthasarathy S, Xian J, Ganesan S, Macnee M, Brünger T, Thomas RH, Talkowski M; Epi25 Collaborative; Helbig I, Leu C, Lal D.","Nat Commun. 2023 Jul 20;14(1):4392. doi: 10.1038/s41467-023-39539-6.","Montanucci L","Nat Commun","2023","2023/07/20","PMC10359300","","10.1038/s41467-023-39539-6"
"37443150","Different pieces of the same puzzle: a multifaceted perspective on the complex biological basis of Parkinson's disease","Müller-Nedebock AC, Dekker MCJ, Farrer MJ, Hattori N, Lim SY, Mellick GD, Rektorová I, Salama M, Schuh AFS, Stoessl AJ, Sue CM, Tan AH, Vidal RL, Klein C, Bardien S.","NPJ Parkinsons Dis. 2023 Jul 13;9(1):110. doi: 10.1038/s41531-023-00535-8.","Müller-Nedebock AC","NPJ Parkinsons Dis","2023","2023/07/13","PMC10345014","","10.1038/s41531-023-00535-8"
"37369202","Epilepsies of presumed genetic etiology show enrichment of rare variants that occur in the general population","Bundalian L, Su YY, Chen S, Velluva A, Kirstein AS, Garten A, Biskup S, Battke F, Lal D, Heyne HO, Platzer K, Lin CC, Lemke JR, Le Duc D; Epi25 Collaborative.","Am J Hum Genet. 2023 Jul 6;110(7):1110-1122. doi: 10.1016/j.ajhg.2023.06.004. Epub 2023 Jun 26.","Bundalian L","Am J Hum Genet","2023","2023/06/27","PMC10357498","","10.1016/j.ajhg.2023.06.004"
"37195288","ANK2 loss-of-function variants are associated with epilepsy, and lead to impaired axon initial segment plasticity and hyperactive network activity in hiPSC-derived neuronal networks","Teunissen MWA, Lewerissa E, van Hugte EJH, Wang S, Ockeloen CW, Koolen DA, Pfundt R, Marcelis CLM, Brilstra E, Howe JL, Scherer SW, Le Guillou X, Bilan F, Primiano M, Roohi J, Piton A, de Saint Martin A, Baer S, Seiffert S, Platzer K, Jamra RA, Syrbe S, Doering JH, Lakhani S, Nangia S, Gilissen C, Vermeulen RJ, Rouhl RPW, Brunner HG, Willemsen MH, Nadif Kasri N.","Hum Mol Genet. 2023 Jul 4;32(14):2373-2385. doi: 10.1093/hmg/ddad081.","Teunissen MWA","Hum Mol Genet","2023","2023/05/17","PMC10321384","","10.1093/hmg/ddad081"
"37236033","WEE1 inhibitor adavosertib in combination with carboplatin in advanced TP53 mutated ovarian cancer: A biomarker-enriched phase II study","Embaby A, Kutzera J, Geenen JJ, Pluim D, Hofland I, Sanders J, Lopez-Yurda M, Beijnen JH, Huitema ADR, Witteveen PO, Steeghs N, van Haaften G, van Vugt MATM, de Ridder J, Opdam FL.","Gynecol Oncol. 2023 Jul;174:239-246. doi: 10.1016/j.ygyno.2023.05.063. Epub 2023 May 24.","Embaby A","Gynecol Oncol","2023","2023/05/26","","","10.1016/j.ygyno.2023.05.063"
"37092538","De novo variants in CNOT9 cause a neurodevelopmental disorder with or without epilepsy","von Wintzingerode L, Ben-Zeev B, Cesario C, Chan KM, Depienne C, Elpeleg O, Iascone M, Kelley WV, Nassogne MC, Niceta M, Pezzani L, Rahner N, Revencu N, Bekheirnia MR, Santiago-Sim T, Tartaglia M, Thompson ML, Trivisano M, Hentschel J, Sticht H, Abou Jamra R, Oppermann H.","Genet Med. 2023 Jul;25(7):100859. doi: 10.1016/j.gim.2023.100859. Epub 2023 Apr 20.","von Wintzingerode L","Genet Med","2023","2023/04/24","","","10.1016/j.gim.2023.100859"
"36987741","Extending the phenotypes associated with TRIO gene variants in a cohort of 25 patients and review of the literature","Gazdagh G, Hunt D, Gonzalez AMC, Rodriguez MP, Chaudhry A, Madruga M, Vansenne F, Shears D, Curie A, Stattin EL, Anderlid BM, Trajkova S, Angelovska ES, McWilliam C, Wyatt PR, O'Driscoll M, Atton G, Bergman AK, Zacher P, Mewasingh LD, López AG, Alonso-Luengo O, Wai HA, Rohde O, Boiroux P, Debant A, Schmidt S, Baralle D.","Am J Med Genet A. 2023 Jul;191(7):1722-1740. doi: 10.1002/ajmg.a.63194. Epub 2023 Mar 29.","Gazdagh G","Am J Med Genet A","2023","2023/03/29","","","10.1002/ajmg.a.63194"
"37445334","Risk Factors for Conversion from Laparoscopic to Open Appendectomy","Bancke Laverde BL, Maak M, Langheinrich M, Kersting S, Denz A, Krautz C, Weber GF, Grützmann R, Brunner M.","J Clin Med. 2023 Jun 27;12(13):4299. doi: 10.3390/jcm12134299.","Bancke Laverde BL","J Clin Med","2023","2023/07/14","PMC10343015","","10.3390/jcm12134299"
"37443844","Correction: Winkler et al. The Adhesion G-Protein-Coupled Receptor GPR115/ADGRF4 Regulates Epidermal Differentiation and Associates with Cytoskeletal KRT1. Cells 2022, 11, 3151","Winkler R, Quaas M, Glasmacher S, Wolfrum U, Thalheim T, Galle J, Krohn K, Magin TM, Aust G.","Cells. 2023 Jun 21;12(13):1677. doi: 10.3390/cells12131677.","Winkler R","Cells","2023","2023/07/14","PMC10340593","","10.3390/cells12131677"
"37503210","GestaltMatcher Database - a FAIR database for medical imaging data of rare disorders","Lesmann H, Lyon GJ, Caro P, Abdelrazek IM, Moosa S, Pantel JT, Hagen MT, Rosnev S, Kamphans T, Meiswinkel W, Li JM, Klinkhammer H, Hustinx A, Javanmardi B, Knaus A, Uwineza A, Knopp C, Marchi E, Elbracht M, Mattern L, Jamra RA, Velmans C, Strehlow V, Nabil A, Graziano C, Artem B, Schnabel F, Heuft L, Herrmann V, Höller M, Alaaeldin K, Jezela-Stanek A, Mohamed A, Lasa-Aranzasti A, Elmakkawy G, Safwat S, Ebstein F, Küry S, Arlt A, Marbach F, Netzer C, Kaptain S, Weiland H, Devriendt K, Gripp KW, Mücke M, Verloes A, Schaaf CP, Nellåker C, Solomon BD, Waikel R, Abdalla E, Nöthen MM, Krawitz PM, Hsieh TC.","medRxiv. 2023 Jun 10:2023.06.06.23290887. doi: 10.1101/2023.06.06.23290887. Preprint.","Lesmann H","medRxiv","2023","2023/07/28","PMC10371103","","10.1101/2023.06.06.23290887"
"37296278","[Number of teeth as indicator for individual risk for delirium]","Gleibs-Koch L, Baerwald C, Thuemmler C.","Z Gerontol Geriatr. 2023 Jun 9:1-6. doi: 10.1007/s00391-023-02203-1. Online ahead of print.","Gleibs-Koch L","Z Gerontol Geriatr","2023","2023/06/09","PMC10255940","","10.1007/s00391-023-02203-1"
"37275212","Online deployment of an O-PLS model for dielectric spectroscopy-based inline monitoring of viable cell concentrations in Chinese hamster ovary cell perfusion cultivations","Lemke J, Söldner R, Austerjost J.","Eng Life Sci. 2023 May 17;23(6):e2200053. doi: 10.1002/elsc.202200053. eCollection 2023 Jun.","Lemke J","Eng Life Sci","2023","2023/06/05","PMC10235861","","10.1002/elsc.202200053"
"37207645","Monoallelic intragenic POU3F2 variants lead to neurodevelopmental delay and hyperphagic obesity, confirming the gene's candidacy in 6q16.1 deletions","Schönauer R, Jin W, Findeisen C, Valenzuela I, Devlin LA, Murrell J, Bedoukian EC, Pöschla L, Hantmann E, Riedhammer KM, Hoefele J, Platzer K, Biemann R, Campeau PM, Münch J, Heyne H, Hoffmann A, Ghosh A, Sun W, Dong H, Noé F, Wolfrum C, Woods E, Parker MJ, Neatu R, Le Guyader G, Bruel AL, Perrin L, Spiewak H; Genomics England Research Consortium; Missotte I, Fourgeaud M, Michaud V, Lacombe D, Paolucci SA, Buchan JG, Glissmeyer M, Popp B, Blüher M, Sayer JA, Halbritter J.","Am J Hum Genet. 2023 Jun 1;110(6):998-1007. doi: 10.1016/j.ajhg.2023.04.010. Epub 2023 May 18.","Schönauer R","Am J Hum Genet","2023","2023/05/19","PMC10257002","","10.1016/j.ajhg.2023.04.010"
"36708422","Risk factors for postoperative morbidity, prolonged length of stay and hospital readmission after appendectomy for acute appendicitis","Bancke Laverde BL, Maak M, Langheinrich M, Kersting S, Denz A, Krautz C, Weber GF, Grützmann R, Brunner M.","Eur J Trauma Emerg Surg. 2023 Jun;49(3):1355-1366. doi: 10.1007/s00068-023-02225-9. Epub 2023 Jan 28.","Bancke Laverde BL","Eur J Trauma Emerg Surg","2023","2023/01/28","PMC10229676","","10.1007/s00068-023-02225-9"
"37225742","Author Correction: The IPDGC/GP2 Hackathon - an open science event for training in data science, genomics, and collaboration using Parkinson's disease data","Leonard HL, Murtadha R, Martinez-Carrasco A, Jama A, Müller-Nedebock AC, Gil-Martinez AL, Illarionova A, Moore A, Bustos BI, Jadhav B, Huxford B, Storm C, Towns C, Vitale D, Chetty D, Yu E, Grenn FP, Salazar G, Rateau G, Iwaki H, Elsayed I, Foote IF, Jansen van Rensburg Z, Kim JJ, Yuan J, Lake J, Brolin K, Senkevich K, Wu L, Tan MMX, Periñán MT, Makarious MB, Ta M, Pillay NS, Betancor OL, Reyes-Pérez PR, Alvarez Jerez P, Saini P, Al-Ouran R, Sivakumar R, Real R, Reynolds RH, Hu R, Abrahams S, Rao SC, Antar T, Leal TP, Iankova V, Scotton WJ, Song Y, Singleton A, Nalls MA, Dey S, Bandres-Ciga S, Blauwendraat C, Noyce AJ; International Parkinson Disease Genomics Consortium (IPDGC) and The Global Parkinson’s Genetics Program (GP2).","NPJ Parkinsons Dis. 2023 May 24;9(1):77. doi: 10.1038/s41531-023-00529-6.","Leonard HL","NPJ Parkinsons Dis","2023","2023/05/24","PMC10209147","","10.1038/s41531-023-00529-6"
"36976648","CERT1 mutations perturb human development by disrupting sphingolipid homeostasis","Gehin C, Lone MA, Lee W, Capolupo L, Ho S, Adeyemi AM, Gerkes EH, Stegmann AP, López-Martín E, Bermejo-Sánchez E, Martínez-Delgado B, Zweier C, Kraus C, Popp B, Strehlow V, Gräfe D, Knerr I, Jones ER, Zamuner S, Abriata LA, Kunnathully V, Moeller BE, Vocat A, Rommelaere S, Bocquete JP, Ruchti E, Limoni G, Van Campenhoudt M, Bourgeat S, Henklein P, Gilissen C, van Bon BW, Pfundt R, Willemsen MH, Schieving JH, Leonardi E, Soli F, Murgia A, Guo H, Zhang Q, Xia K, Fagerberg CR, Beier CP, Larsen MJ, Valenzuela I, Fernández-Álvarez P, Xiong S, Śmigiel R, López-González V, Armengol L, Morleo M, Selicorni A, Torella A, Blyth M, Cooper NS, Wilson V, Oegema R, Herenger Y, Garde A, Bruel AL, Tran Mau-Them F, Maddocks AB, Bain JM, Bhat MA, Costain G, Kannu P, Marwaha A, Champaigne NL, Friez MJ, Richardson EB, Gowda VK, Srinivasan VM, Gupta Y, Lim TY, Sanna-Cherchi S, Lemaitre B, Yamaji T, Hanada K, Burke JE, Jakšić AM, McCabe BD, De Los Rios P, Hornemann T, D'Angelo G, Gennarino VA.","J Clin Invest. 2023 May 15;133(10):e165019. doi: 10.1172/JCI165019.","Gehin C","J Clin Invest","2023","2023/03/28","PMC10178846","","10.1172/JCI165019"
"37104749","CNV-ClinViewer: enhancing the clinical interpretation of large copy-number variants online","Macnee M, Pérez-Palma E, Brünger T, Klöckner C, Platzer K, Stefanski A, Montanucci L, Bayat A, Radtke M, Collins RL, Talkowski M, Blankenberg D, Møller RS, Lemke JR, Nothnagel M, May P, Lal D.","Bioinformatics. 2023 May 4;39(5):btad290. doi: 10.1093/bioinformatics/btad290.","Macnee M","Bioinformatics","2023","2023/04/27","PMC10174702","","10.1093/bioinformatics/btad290"
"36315648","The clinical and molecular spectrum of ZFYVE26-associated hereditary spastic paraplegia: SPG15","Saffari A, Kellner M, Jordan C, Rosengarten H, Mo A, Zhang B, Strelko O, Neuser S, Davis MY, Yoshikura N, Futamura N, Takeuchi T, Nabatame S, Ishiura H, Tsuji S, Aldeen HS, Cali E, Rocca C, Houlden H, Efthymiou S, Assmann B, Yoon G, Trombetta BA, Kivisäkk P, Eichler F, Nan H, Takiyama Y, Tessa A, Santorelli FM, Sahin M, Blackstone C, Yang E, Schüle R, Ebrahimi-Fakhari D.","Brain. 2023 May 2;146(5):2003-2015. doi: 10.1093/brain/awac391.","Saffari A","Brain","2023","2022/10/31","PMC10411936","","10.1093/brain/awac391"
"37222100","Conflict of Interest Disclosures","","Global Spine J. 2023 May;13(2_suppl):568S-591S. doi: 10.1177/21925682231173597.","","Global Spine J","2023","2023/05/24","PMC10226050","","10.1177/21925682231173597"
"37096215","Identification of Adult Patients With Classical Dyskeratosis Congenita or Cryptic Telomere Biology Disorder by Telomere Length Screening Using Age-modified Criteria","Tometten M, Kirschner M, Meyer R, Begemann M, Halfmeyer I, Vieri M, Kricheldorf K, Maurer A, Platzbecker U, Radsak M, Schafhausen P, Corbacioglu S, Höchsmann B, Matthias Wilk C, Hinze C, Chromik J, Heuser M, Kreuter M, Koschmieder S, Panse J, Isfort S, Kurth I, Brümmendorf TH, Beier F.","Hemasphere. 2023 Apr 20;7(5):e874. doi: 10.1097/HS9.0000000000000874. eCollection 2023 May.","Tometten M","Hemasphere","2023","2023/04/25","PMC10121438","","10.1097/HS9.0000000000000874"
"37086569","Two years of pegvaliase in Germany: Experiences and best practice recommendations","Krämer J, Baerwald C, Heimbold C, Kamrath C, Parhofer KG, Reichert A, Rutsch F, Stolz S, Weinhold N, Muntau AC.","Mol Genet Metab. 2023 May;139(1):107564. doi: 10.1016/j.ymgme.2023.107564. Epub 2023 Apr 1.","Krämer J","Mol Genet Metab","2023","2023/04/22","","","10.1016/j.ymgme.2023.107564"
"36805804","Dietary and metabolic effects on the oral status of patients with phenylketonuria: a nation-based cross-sectional study","Bingöl AC, Bingöl M, Pandis N, Stolz S, Beblo S, Jost-Brinkmann PG, Mönch E, Bartzela T.","Clin Oral Investig. 2023 May;27(5):1981-1991. doi: 10.1007/s00784-022-04827-w. Epub 2023 Feb 20.","Bingöl AC","Clin Oral Investig","2023","2023/02/22","PMC9939867","","10.1007/s00784-022-04827-w"
"36221165","Recommendations for diagnosing and managing individuals with glutaric aciduria type 1: Third revision","Boy N, Mühlhausen C, Maier EM, Ballhausen D, Baumgartner MR, Beblo S, Burgard P, Chapman KA, Dobbelaere D, Heringer-Seifert J, Fleissner S, Grohmann-Held K, Hahn G, Harting I, Hoffmann GF, Jochum F, Karall D, Konstantopoulous V, Krawinkel MB, Lindner M, Märtner EMC, Nuoffer JM, Okun JG, Plecko B, Posset R, Sahm K, Scholl-Bürgi S, Thimm E, Walter M, Williams M, Vom Dahl S, Ziagaki A, Zschocke J, Kölker S.","J Inherit Metab Dis. 2023 May;46(3):482-519. doi: 10.1002/jimd.12566. Epub 2022 Nov 17.","Boy N","J Inherit Metab Dis","2023","2022/10/11","","","10.1002/jimd.12566"
"35399117","[Trial of the GeriNOT screening tool : Identification of geriatric risk potentials on admission to hospital care from the age of 70 years]","Feist B, Feindt B, Kasprick L, Baerwald C, Simm A, Müller-Werdan U, Sultzer R, Behrens J.","Z Gerontol Geriatr. 2023 May;56(3):201-208. doi: 10.1007/s00391-022-02054-2. Epub 2022 Apr 10.","Feist B","Z Gerontol Geriatr","2023","2022/04/11","","","10.1007/s00391-022-02054-2"
"37099010","[Ansprechen einer CARD14-assoziierten papulosquamösen Eruption auf den anti-IL17A-Antikörper Ixekizumab]","Klein B, Treudler R, Dumann K, Boldt A, Schumann I, Simon JC, Kunz M.","J Dtsch Dermatol Ges. 2023 Apr;21 Suppl 2:9-12. doi: 10.1111/ddg.15094_g.","Klein B","J Dtsch Dermatol Ges","2023","2023/04/26","","","10.1111/ddg.15094_g"
"37068915","Characteristics and outcomes of SARS-CoV-2 breakthrough infections among double-vaccinated and triple-vaccinated patients with inflammatory rheumatic diseases","Hasseli R, Richter JG, Hoyer BF, Lorenz HM, Pfeil A, Regierer AC, Schmeiser T, Strangfeld A, Voll RE, Krause A, Reckert S, Gräßler A, Saar P, Kapelle A, Backhaus M, Blank N, Henes J, Osiek S, Knothe A, Hoese G, Brandt-Jürgens J, Maltzahn A, Specker C, Müller-Ladner U, Schulze-Koops H; COVID-19 task force of the German Society of Rheumatology collaborators; COVID19-Rheuma.de collaborators.","RMD Open. 2023 Apr;9(2):e002998. doi: 10.1136/rmdopen-2023-002998.","Hasseli R","RMD Open","2023","2023/04/17","PMC10111193","","10.1136/rmdopen-2023-002998"
"37040780","Management, vaccination status and COVID-19 morbidity of patients with Gaucher disease in Germany during the COVID-19 pandemic","Niederau C, Regenbogen C, Fruehauf HM, Merkel M, Ziagaki A, Mengel E, Baerwald C, Muschol N, Staufner C, Lampe C, Gillessen A, Koehler JP, Vom Dahl S.","Z Gastroenterol. 2023 Apr;61(4):375-380. doi: 10.1055/a-1821-9009. Epub 2023 Jan 10.","Niederau C","Z Gastroenterol","2023","2023/04/11","","","10.1055/a-1821-9009"
"36943452","Homozygous loss-of-function variants in FILIP1 cause autosomal recessive arthrogryposis multiplex congenita with microcephaly","Schnabel F, Schuler E, Al-Maawali A, Chaurasia A, Syrbe S, Al-Kindi A, Bhavani GS, Shukla A, Altmüller J, Nürnberg P, Banka S, Girisha KM, Li Y, Wollnik B, Yigit G.","Hum Genet. 2023 Apr;142(4):543-552. doi: 10.1007/s00439-023-02528-2. Epub 2023 Mar 21.","Schnabel F","Hum Genet","2023","2023/03/21","PMC10060356","","10.1007/s00439-023-02528-2"
"36576126","Expanding the spectrum of EEF1D neurodevelopmental disorders: Biallelic variants in the guanine exchange domain","Averdunk L, Al-Thihli K, Surowy H, Lüdecke HJ, Drechsler M, Yigit G, Smorag L, Al Hallak B, Li Y, Altmüller J, Guthoff T, Wallot M, Nürnberg P, Wollnik B, Jamra RA, Al-Maawali A, Wieczorek D.","Clin Genet. 2023 Apr;103(4):484-491. doi: 10.1111/cge.14290. Epub 2023 Jan 2.","Averdunk L","Clin Genet","2023","2022/12/28","","","10.1111/cge.14290"
"37049505","Evaluation of Modern Approaches for the Assessment of Dietary Carotenoids as Markers for Fruit and Vegetable Consumption","Henning T, Wagner P, Gedat E, Kochlik B, Kusch P, Sowoidnich K, Vastag M, Gleim J, Braune M, Maiwald M, Sumpf B, Grune T, Weber D.","Nutrients. 2023 Mar 29;15(7):1665. doi: 10.3390/nu15071665.","Henning T","Nutrients","2023","2023/04/13","PMC10097221","","10.3390/nu15071665"
"36979907","Evaluation of CDK9 Inhibition by Dinaciclib in Combination with Apoptosis Modulating izTRAIL for the Treatment of Colorectal Cancer","Shen X, Kretz AL, Schneider S, Knippschild U, Henne-Bruns D, Kornmann M, Lemke J, Traub B.","Biomedicines. 2023 Mar 16;11(3):928. doi: 10.3390/biomedicines11030928.","Shen X","Biomedicines","2023","2023/03/29","PMC10045754","","10.3390/biomedicines11030928"
"36974069","The role of rare genetic variants enrichment in epilepsies of presumed genetic etiology","Bundalian L, Su YY, Chen S, Velluva A, Kirstein AS, Garten A, Biskup S, Battke F, Lal D, Heyne HO, Platzer K, Lin CC, Lemke JR, Le Duc D; Epi25 Collaborative.","medRxiv. 2023 Mar 10:2023.01.17.23284702. doi: 10.1101/2023.01.17.23284702. Preprint.","Bundalian L","medRxiv","2023","2023/03/28","PMC10041669","","10.1101/2023.01.17.23284702"
"36899390","Enhanced glycerol assimilation and lipid production in Rhodotorula toruloides CBS14 upon addition of hemicellulose primarily correlates with early transcription of energy-metabolism-related genes","Martín-Hernández GC, Chmielarz M, Müller B, Brandt C, Viehweger A, Hölzer M, Passoth V.","Biotechnol Biofuels Bioprod. 2023 Mar 10;16(1):42. doi: 10.1186/s13068-023-02294-3.","Martín-Hernández GC","Biotechnol Biofuels Bioprod","2023","2023/03/10","PMC9999650","","10.1186/s13068-023-02294-3"
"36882394","OTTERS: a powerful TWAS framework leveraging summary-level reference data","Dai Q, Zhou G, Zhao H, Võsa U, Franke L, Battle A, Teumer A, Lehtimäki T, Raitakari OT, Esko T; eQTLGen Consortium; Epstein MP, Yang J.","Nat Commun. 2023 Mar 7;14(1):1271. doi: 10.1038/s41467-023-36862-w.","Dai Q","Nat Commun","2023","2023/03/07","PMC9992663","","10.1038/s41467-023-36862-w"
"36871034","The IPDGC/GP2 Hackathon - an open science event for training in data science, genomics, and collaboration using Parkinson's disease data","Leonard HL, Murtadha R, Martinez-Carrasco A, Jama A, Müller-Nedebock AC, Gil-Martinez AL, Illarionova A, Moore A, Bustos BI, Jadhav B, Huxford B, Storm C, Towns C, Vitale D, Chetty D, Yu E, Grenn FP, Salazar G, Rateau G, Iwaki H, Elsayed I, Foote IF, Jansen van Rensburg Z, Kim JJ, Yuan J, Lake J, Brolin K, Senkevich K, Wu L, Tan MMX, Periñán MT, Makarious MB, Ta M, Pillay NS, Betancor OL, Reyes-Pérez PR, Alvarez Jerez P, Saini P, Al-Ouran R, Sivakumar R, Real R, Reynolds RH, Hu R, Abrahams S, Rao SC, Antar T, Leal TP, Iankova V, Scotton WJ, Song Y, Singleton A, Nalls MA, Dey S, Bandres-Ciga S, Blauwendraat C, Noyce AJ; on behalf of The International Parkinson Disease Genomics Consortium (IPDGC) and The Global Parkinson’s Genetics Program (GP2).","NPJ Parkinsons Dis. 2023 Mar 4;9(1):33. doi: 10.1038/s41531-023-00472-6.","Leonard HL","NPJ Parkinsons Dis","2023","2023/03/04","PMC9984758","","10.1038/s41531-023-00472-6"
"36868207","Rare EIF4A2 variants are associated with a neurodevelopmental disorder characterized by intellectual disability, hypotonia, and epilepsy","Paul MS, Duncan AR, Genetti CA, Pan H, Jackson A, Grant PE, Shi J, Pinelli M, Brunetti-Pierri N, Garza-Flores A, Shahani D, Saneto RP, Zampino G, Leoni C, Agolini E, Novelli A, Blümlein Tobias B Haack U, Heinritz W, Matzker E, Alhaddad B, Jamra RA, Bartolomaeus T, AlHamdan S, Carapito R, Isidor B, Bahram S, Ritter A, Izumi K, Shakked BP, Barel O, Ben Zeev B, Begtrup A, Carere DA, Mullegama SV, Palculict TB, Calame DG, Schwan K, Aycinena ARP, Traberg R; Genomics England Research Consortium; Douzgou S, Pirt H, Ismayilova N, Banka S, Chao HT, Agrawal PB.","Am J Hum Genet. 2023 Mar 2;110(3):548. doi: 10.1016/j.ajhg.2023.02.010.","Paul MS","Am J Hum Genet","2023","2023/03/03","PMC10027494","","10.1016/j.ajhg.2023.02.010"
"36890234","Molecular sensing of mechano- and ligand-dependent adhesion GPCR dissociation","Scholz N, Dahse AK, Kemkemer M, Bormann A, Auger GM, Vieira Contreras F, Ernst LF, Staake H, Körner MB, Buhlan M, Meyer-Mölck A, Chung YK, Blanco-Redondo B, Klose F, Jarboui MA, Ljaschenko D, Bigl M, Langenhan T.","Nature. 2023 Mar;615(7954):945-953. doi: 10.1038/s41586-023-05802-5. Epub 2023 Mar 8.","Scholz N","Nature","2023","2023/03/08","","","10.1038/s41586-023-05802-5"
"36564538","Heterozygous and homozygous variants in STX1A cause a neurodevelopmental disorder with or without epilepsy","Luppe J, Sticht H, Lecoquierre F, Goldenberg A, Gorman KM, Molloy B, Agolini E, Novelli A, Briuglia S, Kuismin O, Marcelis C, Vitobello A, Denommé-Pichon AS, Julia S, Lemke JR, Abou Jamra R, Platzer K.","Eur J Hum Genet. 2023 Mar;31(3):345-352. doi: 10.1038/s41431-022-01269-6. Epub 2022 Dec 23.","Luppe J","Eur J Hum Genet","2023","2022/12/23","PMC9995539","","10.1038/s41431-022-01269-6"
"36036558","Conserved patterns across ion channels correlate with variant pathogenicity and clinical phenotypes","Brünger T, Pérez-Palma E, Montanucci L, Nothnagel M, Møller RS, Schorge S, Zuberi S, Symonds J, Lemke JR, Brunklaus A, Traynelis SF, May P, Lal D.","Brain. 2023 Mar 1;146(3):923-934. doi: 10.1093/brain/awac305.","Brünger T","Brain","2023","2022/08/29","PMC9976975","","10.1093/brain/awac305"
"36753417","Thyroid hormones regulate Zfp423 expression in regionally distinct adipose depots through direct and cell-autonomous action","Roth L, Johann K, Hönes GS, Oelkrug R, Wagner L, Hoffmann A, Krohn K, Moeller LC, Weiner J, Heiker JT, Klöting N, Tönjes A, Stumvoll M, Blüher M, Mittag J, Krause K.","Cell Rep. 2023 Feb 28;42(2):112088. doi: 10.1016/j.celrep.2023.112088. Epub 2023 Feb 7.","Roth L","Cell Rep","2023","2023/02/08","","","10.1016/j.celrep.2023.112088"
"36482748","Refeeding Syndrome","Heuft L, Voigt J, Selig L, Stumvoll M, Schlögl H, Kaiser T.","Dtsch Arztebl Int. 2023 Feb 17;120(7):107-114. doi: 10.3238/arztebl.m2022.0381.","Heuft L","Dtsch Arztebl Int","2023","2022/12/09","PMC10132284","","10.3238/arztebl.m2022.0381"
"36835370","Clonal Hematopoiesis Mutations Are Present in Atherosclerotic Lesions in Peripheral Artery Disease","Büttner P, Böttner J, Krohn K, Baber R, Platzbecker U, Cross M, Desch S, Thiele H, Steiner S, Scheinert D, Metzeler KH, Branzan D.","Int J Mol Sci. 2023 Feb 16;24(4):3962. doi: 10.3390/ijms24043962.","Büttner P","Int J Mol Sci","2023","2023/02/25","PMC9963103","","10.3390/ijms24043962"
"36838385","Metagenomic Analysis of Anaerobic Microbial Communities Degrading Short-Chain Fatty Acids as Sole Carbon Sources","Becker D, Popp D, Bonk F, Kleinsteuber S, Harms H, Centler F.","Microorganisms. 2023 Feb 7;11(2):420. doi: 10.3390/microorganisms11020420.","Becker D","Microorganisms","2023","2023/02/25","PMC9959488","","10.3390/microorganisms11020420"
"36745127","Discovering a new part of the phenotypic spectrum of Coffin-Siris syndrome in a fetal cohort","van der Sluijs PJ, Joosten M, Alby C, Attié-Bitach T, Gilmore K, Dubourg C, Fradin M, Wang T, Kurtz-Nelson EC, Ahlers KP, Arts P, Barnett CP, Ashfaq M, Baban A, van den Born M, Borrie S, Busa T, Byrne A, Carriero M, Cesario C, Chong K, Cueto-González AM, Dempsey JC, Diderich KEM, Doherty D, Farholt S, Gerkes EH, Gorokhova S, Govaerts LCP, Gregersen PA, Hickey SE, Lefebvre M, Mari F, Martinovic J, Northrup H, O'Leary M, Parbhoo K, Patrier S, Popp B, Santos-Simarro F, Stoltenburg C, Thauvin-Robinet C, Thompson E, Vulto-van Silfhout AT, Zahir FR, Scott HS, Earl RK, Eichler EE, Vora NL, Wilnai Y, Giordano JL, Wapner RJ, Rosenfeld JA, Haak MC, Santen GWE.","Genet Med. 2023 Feb;25(2):100004. doi: 10.1016/j.gim.2022.100004.","van der Sluijs PJ","Genet Med","2023","2023/02/06","PMC9983121","NIHMS1872403","10.1016/j.gim.2022.100004"
"36426740","Genetic and phenotypic spectrum in the NONO-associated syndromic disorder","Roessler F, Beck AE, Susie B, Tobias B, Begtrup A, Biskup S, Caluseriu O, Delanty N, Fröhlich C, Greally MT, Karnstedt M, Klöckner C, Kurtzberg J, Schubert S, Schulze M, Weidenbach M, Westphal DS, White M, Wolf CM, Zyskind J, Popp B, Strehlow V.","Am J Med Genet A. 2023 Feb;191(2):469-478. doi: 10.1002/ajmg.a.63044. Epub 2022 Nov 25.","Roessler F","Am J Med Genet A","2023","2022/11/25","","","10.1002/ajmg.a.63044"
"36189577","The constitutional gain-of-function variant p.Glu1099Lys in NSD2 is associated with a novel syndrome","Popp B, Brugger M, Poschmann S, Bartolomaeus T, Radtke M, Hentschel J, Di Donato N, Rump A, Gburek-Augustat J, Graf E, Wagner M, Sorge I, Lemke JR, Meitinger T, Abou Jamra R, Strehlow V, Brunet T.","Clin Genet. 2023 Feb;103(2):226-230. doi: 10.1111/cge.14241. Epub 2022 Oct 20.","Popp B","Clin Genet","2023","2022/10/03","","","10.1111/cge.14241"
"36063073","Gray and white matter astrocytes differ in basal metabolism but respond similarly to neuronal activity","Köhler S, Winkler U, Junge T, Lippmann K, Eilers J, Hirrlinger J.","Glia. 2023 Feb;71(2):229-244. doi: 10.1002/glia.24268. Epub 2022 Sep 5.","Köhler S","Glia","2023","2022/09/05","","","10.1002/glia.24268"
"36769739","Laboratory Diagnostic of Acute Kidney Injury and Its Progression: Risk of Underdiagnosis in Female and Elderly Patients","Kister TS, Schmidt M, Heuft L, Federbusch M, Haase M, Kaiser T.","J Clin Med. 2023 Jan 30;12(3):1092. doi: 10.3390/jcm12031092.","Kister TS","J Clin Med","2023","2023/02/11","PMC9917506","","10.3390/jcm12031092"
"36776892","Extended genomic HLA typing identifies previously unrecognized mismatches in living kidney transplantation","Lehmann C, Pehnke S, Weimann A, Bachmann A, Dittrich K, Petzold F, Fürst D, de Fallois J, Landgraf R, Henschler R, Lindner TH, Halbritter J, Doxiadis I, Popp B, Münch J.","Front Immunol. 2023 Jan 27;14:1094862. doi: 10.3389/fimmu.2023.1094862. eCollection 2023.","Lehmann C","Front Immunol","2023","2023/02/13","PMC9911689","","10.3389/fimmu.2023.1094862"
"36949817","Nanopore-based enrichment of antimicrobial resistance genes - a case-based study","Viehweger A, Marquet M, Hölzer M, Dietze N, Pletz MW, Brandt C.","GigaByte. 2023 Jan 25;2023:gigabyte75. doi: 10.46471/gigabyte.75. eCollection 2023.","Viehweger A","GigaByte","2023","2023/03/23","PMC10027057","","10.46471/gigabyte.75"
"36789265","aRgus: Multilevel visualization of non-synonymous single nucleotide variants & advanced pathogenicity score modeling for genetic vulnerability assessment","Schröter J, Dattner T, Hüllein J, Jayme A, Heuveline V, Hoffmann GF, Kölker S, Lenz D, Opladen T, Popp B, Schaaf CP, Staufner C, Syrbe S, Uhrig S, Hübschmann D, Brennenstuhl H.","Comput Struct Biotechnol J. 2023 Jan 25;21:1077-1083. doi: 10.1016/j.csbj.2023.01.027. eCollection 2023.","Schröter J","Comput Struct Biotechnol J","2023","2023/02/15","PMC9900257","","10.1016/j.csbj.2023.01.027"
"36692537","Symptoms of older orthopedic and rheumatic patients : A telephone survey about symptoms, symptom communication, treatment and further support after hospital discharge","Schiek S, Hintzer K, Dahley C, Wernecke K, Feindt B, Baerwald C, Spiegl UJA, Bertsche T.","Z Gerontol Geriatr. 2023 Jan 24. doi: 10.1007/s00391-022-02155-y. Online ahead of print.","Schiek S","Z Gerontol Geriatr","2023","2023/01/24","","","10.1007/s00391-022-02155-y"
"36908399","Faltwerk: a library for spatial exploratory data analysis of protein structures","Viehweger A.","Bioinform Adv. 2023 Jan 23;3(1):vbad007. doi: 10.1093/bioadv/vbad007. eCollection 2023.","Viehweger A","Bioinform Adv","2023","2023/03/13","PMC9998081","","10.1093/bioadv/vbad007"
"36726590","PHIP-associated Chung-Jansen syndrome: Report of 23 new individuals","Kampmeier A, Leitão E, Parenti I, Beygo J, Depienne C, Bramswig NC, Hsieh TC, Afenjar A, Beck-Wödl S, Grasshoff U, Haack TB, Bijlsma EK, Ruivenkamp C, Lausberg E, Elbracht M, Haanpää MK, Koillinen H, Heinrich U, Rost I, Jamra RA, Popp D, Koch-Hogrebe M, Rostasy K, López-González V, Sanchez-Soler MJ, Macedo C, Schmetz A, Steinborn C, Weidensee S, Lesmann H, Marbach F, Caro P, Schaaf CP, Krawitz P, Wieczorek D, Kaiser FJ, Kuechler A.","Front Cell Dev Biol. 2023 Jan 16;10:1020609. doi: 10.3389/fcell.2022.1020609. eCollection 2022.","Kampmeier A","Front Cell Dev Biol","2023","2023/02/02","PMC9886139","","10.3389/fcell.2022.1020609"
"36528028","Rare EIF4A2 variants are associated with a neurodevelopmental disorder characterized by intellectual disability, hypotonia, and epilepsy","Paul MS, Duncan AR, Genetti CA, Pan H, Jackson A, Grant PE, Shi J, Pinelli M, Brunetti-Pierri N, Garza-Flores A, Shahani D, Saneto RP, Zampino G, Leoni C, Agolini E, Novelli A, Blümlein U, Haack TB, Heinritz W, Matzker E, Alhaddad B, Abou Jamra R, Bartolomaeus T, AlHamdan S, Carapito R, Isidor B, Bahram S, Ritter A, Izumi K, Shakked BP, Barel O, Ben Zeev B, Begtrup A, Carere DA, Mullegama SV, Palculict TB, Calame DG, Schwan K, Aycinena ARP, Traberg R; Genomics England Research Consortium; Douzgou S, Pirt H, Ismayilova N, Banka S, Chao HT, Agrawal PB.","Am J Hum Genet. 2023 Jan 5;110(1):120-145. doi: 10.1016/j.ajhg.2022.11.011. Epub 2022 Dec 16.","Paul MS","Am J Hum Genet","2023","2022/12/17","PMC9892767","","10.1016/j.ajhg.2022.11.011"
"37088080","Association between the Ile164 β2 Adrenergic Receptor Polymorphism and Fatigue in Patients with Rheumatoid Arthritis","Philipp J, Baerwald CG, Seifert O.","Neuroimmunomodulation. 2023;30(1):93-101. doi: 10.1159/000528206. Epub 2023 Apr 21.","Philipp J","Neuroimmunomodulation","2023","2023/04/23","PMC10124754","","10.1159/000528206"
"36593963","Epigenetic drugs in somatostatin type 2 receptor radionuclide theranostics and radiation transcriptomics in mouse pheochromocytoma models","Ullrich M, Richter S, Liers J, Drukewitz S, Friedemann M, Kotzerke J, Ziegler CG, Nölting S, Kopka K, Pietzsch J.","Theranostics. 2023 Jan 1;13(1):278-294. doi: 10.7150/thno.77918. eCollection 2023.","Ullrich M","Theranostics","2023","2023/01/03","PMC9800739","","10.7150/thno.77918"
"36399134","Biallelic PRMT7 pathogenic variants are associated with a recognizable syndromic neurodevelopmental disorder with short stature, obesity, and craniofacial and digital abnormalities","Cali E, Suri M, Scala M, Ferla MP, Alavi S, Faqeih EA, Bijlsma EK, Wigby KM, Baralle D, Mehrjardi MYV, Schwab J, Platzer K, Steindl K, Hashem M, Jones M, Niyazov DM, Jacober J, Littlejohn RO, Weis D, Zadeh N, Rodan L, Goldenberg A, Lecoquierre F, Dutra-Clarke M, Horvath G, Young D, Orenstein N, Bawazeer S, Vulto-van Silfhout AT, Herenger Y, Dehghani M, Seyedhassani SM, Bahreini A, Nasab ME, Ercan-Sencicek AG, Firoozfar Z, Movahedinia M, Efthymiou S, Striano P, Karimiani EG, Salpietro V, Taylor JC, Redman M, Stegmann APA, Laner A, Abdel-Salam G, Li M, Bengala M, Müller AJ, Digilio MC, Rauch A, Gunel M, Titheradge H, Schweitzer DN, Kraus A, Valenzuela I, McLean SD, Phornphutkul C, Salih M, Begtrup A, Schnur RE, Torti E, Haack TB, Prada CE, Alkuraya FS, Houlden H, Maroofian R.","Genet Med. 2023 Jan;25(1):135-142. doi: 10.1016/j.gim.2022.09.016. Epub 2022 Nov 18.","Cali E","Genet Med","2023","2022/11/18","PMC10620944","","10.1016/j.gim.2022.09.016"
"36379434","Microdeletions at 19p13.11p12 in five individuals with neurodevelopmental delay","Rieger M, Moutton S, Verheyen S, Steindl K, Popp B, Leheup B, Bonnet C, Oneda B, Rauch A, Reis A, Krumbiegel M, Hüffmeier U.","Eur J Med Genet. 2023 Jan;66(1):104669. doi: 10.1016/j.ejmg.2022.104669. Epub 2022 Nov 12.","Rieger M","Eur J Med Genet","2023","2022/11/15","","","10.1016/j.ejmg.2022.104669"
"36331550","Expanding SPTAN1 monoallelic variant associated disorders: From epileptic encephalopathy to pure spastic paraplegia and ataxia","Morsy H, Benkirane M, Cali E, Rocca C, Zhelcheska K, Cipriani V, Galanaki E, Maroofian R, Efthymiou S, Murphy D, O'Driscoll M, Suri M, Banka S, Clayton-Smith J, Wright T, Redman M, Bassetti JA, Nizon M, Cogne B, Jamra RA, Bartolomaeus T, Heruth M, Krey I, Gburek-Augustat J, Wieczorek D, Gattermann F, Mcentagart M, Goldenberg A, Guyant-Marechal L, Garcia-Moreno H, Giunti P, Chabrol B, Bacrot S, Buissonnière R, Magry V, Gowda VK, Srinivasan VM, Melegh B, Szabó A, Sümegi K, Cossée M, Ziff M, Butterfield R, Hunt D, Bird-Lieberman G, Hanna M, Koenig M, Stankewich M, Vandrovcova J, Houlden H; Genomics England Research Consortium.","Genet Med. 2023 Jan;25(1):76-89. doi: 10.1016/j.gim.2022.09.013. Epub 2022 Nov 4.","Morsy H","Genet Med","2023","2022/11/04","PMC10620943","","10.1016/j.gim.2022.09.013"
"36322151","Delineation of a KDM2B-related neurodevelopmental disorder and its associated DNA methylation signature","van Jaarsveld RH, Reilly J, Cornips MC, Hadders MA, Agolini E, Ahimaz P, Anyane-Yeboa K, Bellanger SA, van Binsbergen E, van den Boogaard MJ, Brischoux-Boucher E, Caylor RC, Ciolfi A, van Essen TAJ, Fontana P, Hopman S, Iascone M, Javier MM, Kamsteeg EJ, Kerkhof J, Kido J, Kim HG, Kleefstra T, Lonardo F, Lai A, Lev D, Levy MA, Lewis MES, Lichty A, Mannens MMAM, Matsumoto N, Maya I, McConkey H, Megarbane A, Michaud V, Miele E, Niceta M, Novelli A, Onesimo R, Pfundt R, Popp B, Prijoles E, Relator R, Redon S, Rots D, Rouault K, Saida K, Schieving J, Tartaglia M, Tenconi R, Uguen K, Verbeek N, Walsh CA, Yosovich K, Yuskaitis CJ, Zampino G, Sadikovic B, Alders M, Oegema R.","Genet Med. 2023 Jan;25(1):49-62. doi: 10.1016/j.gim.2022.09.006. Epub 2022 Nov 1.","van Jaarsveld RH","Genet Med","2023","2022/11/02","PMC9825659","NIHMS1860492","10.1016/j.gim.2022.09.006"
"36322149","Biallelic variants in PIGN cause Fryns syndrome, multiple congenital anomalies-hypotonia-seizures syndrome, and neurologic phenotypes: A genotype-phenotype correlation study","Loong L, Tardivo A, Knaus A, Hashim M, Pagnamenta AT, Alt K, Böhrer-Rabel H, Caro-Llopis A, Cole T, Distelmaier F, Edery P, Ferreira CR, Jezela-Stanek A, Kerr B, Kluger G, Krawitz PM, Kuhn M, Lemke JR, Lesca G, Lynch SA, Martinez F, Maxton C, Mierzewska H, Monfort S, Nicolai J, Orellana C, Pal DK, Płoski R, Quarrell OW, Rosello M, Rydzanicz M, Sabir A, Śmigiel R, Stegmann APA, Stewart H, Stumpel C, Szczepanik E, Tzschach A, Wolfe L, Taylor JC, Murakami Y, Kinoshita T, Bayat A, Kini U.","Genet Med. 2023 Jan;25(1):37-48. doi: 10.1016/j.gim.2022.09.007. Epub 2022 Nov 2.","Loong L","Genet Med","2023","2022/11/02","","","10.1016/j.gim.2022.09.007"
